pos	ref	alt	type	impact
130593026	CG	C	frameshift	Ala175fs
130597532	GC	GTC	frameshift	Ala145fs
130592959	GCGGGCGCATC	G	frameshift	Asp194fs
130592974	CGCAGGAGGCGGT	C	deletion	His188_Leu191del
130593026	CG	CCC	frameshift	Ala175fs
130597969	CCGCGCGGA	C	frameshift	Ser85fs
130597962	AGCGCGGCC	A	frameshift	Arg87fs
130597522	G	T	stop-gained	Cys148*
130598731	C	T	stop-gained	Trp53*
130592899	G	C	missense	Pro217Arg
130593026	C	T	missense	Ala175Thr
130593065	A	G	missense	Phe162Leu
130593067	T	G	missense	Asp161Ala
130597505	G	A	missense	Pro154Leu
130597512	G	T	missense	Gln152Lys
130597578	C	G	missense	Ala130Pro
130598671	G	A	missense	Pro73Leu
130598717	A	G	missense	Phe58Leu
130592901	C	A	missense	Arg216Ser
130592918	G	A	missense	Arg211Trp
130592921	C	T	missense	Glu210Lys
130592933	C	T	missense	Val206Ile
130592953	G	A	missense	Pro199Leu
130592962	G	A	missense	Pro196Leu
130592971	G	A	missense	Pro193Leu
130593035	C	T	missense	Ala172Thr
130593045	G	C	missense	His168Gln
130597557	G	A	missense	His137Tyr
130597887	C	G	missense	Glu115Gln
130597916	C	A	missense	Cys105Phe
130598713	C	T	missense	Gly59Glu
130598771	T	C	missense	Lys40Glu
130599281	A	C	missense	Trp3Gly
130598657	G	A	missense	Arg78Trp
130598749	C	T	missense	Arg47Gln
130598922	T	G	missense	Asn21His
130597533	C	T	missense	Ala145Thr
